eventType,poolType,poolName,amountRaw,amountFormatted,tokenSymbol,tokenDecimals,basisSourceEvent,basisFormula,sourceUser,sourceReferrer,recipientOrBeneficiary,dayId,rank,luckyRank,orderId,block,tx
PoolAllocated,0,Liquidity,60000000000000000000,60.0,USDx5,18,MachinePurchased,60000000000000000000 = 100000000000000000000 * 6000/10000 (floor by solidity),0x7123a25d205190e6844712cb18e39d6dd5316143,0x744447d8580eb900b199e852c132f626247a36f7,0x744447d8580eb900b199e852c132f626247a36f7,,,,1,7619380,0xa6b985575422a0561a6c9cc56b421883e55308bee6b8fc1129e6ad3d0af74fe5
PoolAllocated,1,Referral,5000000000000000000,5.0,USDx5,18,MachinePurchased,5000000000000000000 = 100000000000000000000 * 500/10000 (floor by solidity),0x7123a25d205190e6844712cb18e39d6dd5316143,0x744447d8580eb900b199e852c132f626247a36f7,0x744447d8580eb900b199e852c132f626247a36f7,,,,1,7619380,0xa6b985575422a0561a6c9cc56b421883e55308bee6b8fc1129e6ad3d0af74fe5
PoolAllocated,2,SuperNode,5000000000000000000,5.0,USDx5,18,MachinePurchased,5000000000000000000 = 100000000000000000000 * 500/10000 (floor by solidity),0x7123a25d205190e6844712cb18e39d6dd5316143,0x744447d8580eb900b199e852c132f626247a36f7,0x744447d8580eb900b199e852c132f626247a36f7,,,,1,7619380,0xa6b985575422a0561a6c9cc56b421883e55308bee6b8fc1129e6ad3d0af74fe5
PoolAllocated,3,Node,8000000000000000000,8.0,USDx5,18,MachinePurchased,8000000000000000000 = 100000000000000000000 * 800/10000 (floor by solidity),0x7123a25d205190e6844712cb18e39d6dd5316143,0x744447d8580eb900b199e852c132f626247a36f7,0x744447d8580eb900b199e852c132f626247a36f7,,,,1,7619380,0xa6b985575422a0561a6c9cc56b421883e55308bee6b8fc1129e6ad3d0af74fe5
PoolAllocated,4,Platform,20000000000000000000,20.0,USDx5,18,MachinePurchased,20000000000000000000 = 100000000000000000000 * 2000/10000 (floor by solidity),0x7123a25d205190e6844712cb18e39d6dd5316143,0x744447d8580eb900b199e852c132f626247a36f7,0x744447d8580eb900b199e852c132f626247a36f7,,,,1,7619380,0xa6b985575422a0561a6c9cc56b421883e55308bee6b8fc1129e6ad3d0af74fe5
PoolAllocated,5,Leaderboard,2000000000000000000,2.0,USDx5,18,MachinePurchased,2000000000000000000 = 100000000000000000000 * 200/10000 (floor by solidity),0x7123a25d205190e6844712cb18e39d6dd5316143,0x744447d8580eb900b199e852c132f626247a36f7,0x744447d8580eb900b199e852c132f626247a36f7,,,,1,7619380,0xa6b985575422a0561a6c9cc56b421883e55308bee6b8fc1129e6ad3d0af74fe5
PoolAllocated,0,Liquidity,60000000000000000000,60.0,USDx5,18,MachinePurchased,60000000000000000000 = 100000000000000000000 * 6000/10000 (floor by solidity),0x7123a25d205190e6844712cb18e39d6dd5316143,0x744447d8580eb900b199e852c132f626247a36f7,0x744447d8580eb900b199e852c132f626247a36f7,,,,2,7619737,0x78be69e7c5991db6bcab6489f5fce95b9d92a00a6a96ec98cadaf977cc1eebcd
PoolAllocated,1,Referral,5000000000000000000,5.0,USDx5,18,MachinePurchased,5000000000000000000 = 100000000000000000000 * 500/10000 (floor by solidity),0x7123a25d205190e6844712cb18e39d6dd5316143,0x744447d8580eb900b199e852c132f626247a36f7,0x744447d8580eb900b199e852c132f626247a36f7,,,,2,7619737,0x78be69e7c5991db6bcab6489f5fce95b9d92a00a6a96ec98cadaf977cc1eebcd
PoolAllocated,2,SuperNode,5000000000000000000,5.0,USDx5,18,MachinePurchased,5000000000000000000 = 100000000000000000000 * 500/10000 (floor by solidity),0x7123a25d205190e6844712cb18e39d6dd5316143,0x744447d8580eb900b199e852c132f626247a36f7,0x744447d8580eb900b199e852c132f626247a36f7,,,,2,7619737,0x78be69e7c5991db6bcab6489f5fce95b9d92a00a6a96ec98cadaf977cc1eebcd
PoolAllocated,3,Node,8000000000000000000,8.0,USDx5,18,MachinePurchased,8000000000000000000 = 100000000000000000000 * 800/10000 (floor by solidity),0x7123a25d205190e6844712cb18e39d6dd5316143,0x744447d8580eb900b199e852c132f626247a36f7,0x744447d8580eb900b199e852c132f626247a36f7,,,,2,7619737,0x78be69e7c5991db6bcab6489f5fce95b9d92a00a6a96ec98cadaf977cc1eebcd
PoolAllocated,4,Platform,20000000000000000000,20.0,USDx5,18,MachinePurchased,20000000000000000000 = 100000000000000000000 * 2000/10000 (floor by solidity),0x7123a25d205190e6844712cb18e39d6dd5316143,0x744447d8580eb900b199e852c132f626247a36f7,0x744447d8580eb900b199e852c132f626247a36f7,,,,2,7619737,0x78be69e7c5991db6bcab6489f5fce95b9d92a00a6a96ec98cadaf977cc1eebcd
PoolAllocated,5,Leaderboard,2000000000000000000,2.0,USDx5,18,MachinePurchased,2000000000000000000 = 100000000000000000000 * 200/10000 (floor by solidity),0x7123a25d205190e6844712cb18e39d6dd5316143,0x744447d8580eb900b199e852c132f626247a36f7,0x744447d8580eb900b199e852c132f626247a36f7,,,,2,7619737,0x78be69e7c5991db6bcab6489f5fce95b9d92a00a6a96ec98cadaf977cc1eebcd
PoolAllocated,0,Liquidity,600000000000000000000,600.0,USDx5,18,NodePurchased,600000000000000000000 = 1000000000000000000000 * 6000/10000 (floor by solidity),0x7123a25d205190e6844712cb18e39d6dd5316143,,0x744447d8580eb900b199e852c132f626247a36f7,,,,1000000001,7619742,0x411023b951615cf59ffdbe24764fbe748922df93ea140090eddf63258528cc54
PoolAllocated,1,Referral,50000000000000000000,50.0,USDx5,18,NodePurchased,50000000000000000000 = 1000000000000000000000 * 500/10000 (floor by solidity),0x7123a25d205190e6844712cb18e39d6dd5316143,,0x744447d8580eb900b199e852c132f626247a36f7,,,,1000000001,7619742,0x411023b951615cf59ffdbe24764fbe748922df93ea140090eddf63258528cc54
PoolAllocated,2,SuperNode,50000000000000000000,50.0,USDx5,18,NodePurchased,50000000000000000000 = 1000000000000000000000 * 500/10000 (floor by solidity),0x7123a25d205190e6844712cb18e39d6dd5316143,,0x744447d8580eb900b199e852c132f626247a36f7,,,,1000000001,7619742,0x411023b951615cf59ffdbe24764fbe748922df93ea140090eddf63258528cc54
PoolAllocated,3,Node,80000000000000000000,80.0,USDx5,18,NodePurchased,80000000000000000000 = 1000000000000000000000 * 800/10000 (floor by solidity),0x7123a25d205190e6844712cb18e39d6dd5316143,,0x744447d8580eb900b199e852c132f626247a36f7,,,,1000000001,7619742,0x411023b951615cf59ffdbe24764fbe748922df93ea140090eddf63258528cc54
PoolAllocated,4,Platform,200000000000000000000,200.0,USDx5,18,NodePurchased,200000000000000000000 = 1000000000000000000000 * 2000/10000 (floor by solidity),0x7123a25d205190e6844712cb18e39d6dd5316143,,0x744447d8580eb900b199e852c132f626247a36f7,,,,1000000001,7619742,0x411023b951615cf59ffdbe24764fbe748922df93ea140090eddf63258528cc54
PoolAllocated,5,Leaderboard,20000000000000000000,20.0,USDx5,18,NodePurchased,20000000000000000000 = 1000000000000000000000 * 200/10000 (floor by solidity),0x7123a25d205190e6844712cb18e39d6dd5316143,,0x744447d8580eb900b199e852c132f626247a36f7,,,,1000000001,7619742,0x411023b951615cf59ffdbe24764fbe748922df93ea140090eddf63258528cc54
PoolAllocated,0,Liquidity,1800000000000000000000,1800.0,USDx5,18,SuperNodePurchased,1800000000000000000000 = 3000000000000000000000 * 6000/10000 (floor by solidity),0x7123a25d205190e6844712cb18e39d6dd5316143,,0x744447d8580eb900b199e852c132f626247a36f7,,,,2000000001,7619746,0x22848317b4b8fd6844e931d76843c1050993da786cdef5b398a396193f0a5162
PoolAllocated,1,Referral,150000000000000000000,150.0,USDx5,18,SuperNodePurchased,150000000000000000000 = 3000000000000000000000 * 500/10000 (floor by solidity),0x7123a25d205190e6844712cb18e39d6dd5316143,,0x744447d8580eb900b199e852c132f626247a36f7,,,,2000000001,7619746,0x22848317b4b8fd6844e931d76843c1050993da786cdef5b398a396193f0a5162
PoolAllocated,2,SuperNode,150000000000000000000,150.0,USDx5,18,SuperNodePurchased,150000000000000000000 = 3000000000000000000000 * 500/10000 (floor by solidity),0x7123a25d205190e6844712cb18e39d6dd5316143,,0x744447d8580eb900b199e852c132f626247a36f7,,,,2000000001,7619746,0x22848317b4b8fd6844e931d76843c1050993da786cdef5b398a396193f0a5162
PoolAllocated,3,Node,240000000000000000000,240.0,USDx5,18,SuperNodePurchased,240000000000000000000 = 3000000000000000000000 * 800/10000 (floor by solidity),0x7123a25d205190e6844712cb18e39d6dd5316143,,0x744447d8580eb900b199e852c132f626247a36f7,,,,2000000001,7619746,0x22848317b4b8fd6844e931d76843c1050993da786cdef5b398a396193f0a5162
PoolAllocated,4,Platform,600000000000000000000,600.0,USDx5,18,SuperNodePurchased,600000000000000000000 = 3000000000000000000000 * 2000/10000 (floor by solidity),0x7123a25d205190e6844712cb18e39d6dd5316143,,0x744447d8580eb900b199e852c132f626247a36f7,,,,2000000001,7619746,0x22848317b4b8fd6844e931d76843c1050993da786cdef5b398a396193f0a5162
PoolAllocated,5,Leaderboard,60000000000000000000,60.0,USDx5,18,SuperNodePurchased,60000000000000000000 = 3000000000000000000000 * 200/10000 (floor by solidity),0x7123a25d205190e6844712cb18e39d6dd5316143,,0x744447d8580eb900b199e852c132f626247a36f7,,,,2000000001,7619746,0x22848317b4b8fd6844e931d76843c1050993da786cdef5b398a396193f0a5162
PoolAllocated,0,Liquidity,60000000000000000000,60.0,USDx5,18,MachinePurchased,60000000000000000000 = 100000000000000000000 * 6000/10000 (floor by solidity),0x7123a25d205190e6844712cb18e39d6dd5316143,0x744447d8580eb900b199e852c132f626247a36f7,0x744447d8580eb900b199e852c132f626247a36f7,,,,3,7619875,0x3b58d6503d33d782f87868eadf8cc8d6f91df22b30854346a3fb089f90859d54
PoolAllocated,1,Referral,5000000000000000000,5.0,USDx5,18,MachinePurchased,5000000000000000000 = 100000000000000000000 * 500/10000 (floor by solidity),0x7123a25d205190e6844712cb18e39d6dd5316143,0x744447d8580eb900b199e852c132f626247a36f7,0x744447d8580eb900b199e852c132f626247a36f7,,,,3,7619875,0x3b58d6503d33d782f87868eadf8cc8d6f91df22b30854346a3fb089f90859d54
PoolAllocated,2,SuperNode,5000000000000000000,5.0,USDx5,18,MachinePurchased,5000000000000000000 = 100000000000000000000 * 500/10000 (floor by solidity),0x7123a25d205190e6844712cb18e39d6dd5316143,0x744447d8580eb900b199e852c132f626247a36f7,0x744447d8580eb900b199e852c132f626247a36f7,,,,3,7619875,0x3b58d6503d33d782f87868eadf8cc8d6f91df22b30854346a3fb089f90859d54
PoolAllocated,3,Node,8000000000000000000,8.0,USDx5,18,MachinePurchased,8000000000000000000 = 100000000000000000000 * 800/10000 (floor by solidity),0x7123a25d205190e6844712cb18e39d6dd5316143,0x744447d8580eb900b199e852c132f626247a36f7,0x744447d8580eb900b199e852c132f626247a36f7,,,,3,7619875,0x3b58d6503d33d782f87868eadf8cc8d6f91df22b30854346a3fb089f90859d54
PoolAllocated,4,Platform,20000000000000000000,20.0,USDx5,18,MachinePurchased,20000000000000000000 = 100000000000000000000 * 2000/10000 (floor by solidity),0x7123a25d205190e6844712cb18e39d6dd5316143,0x744447d8580eb900b199e852c132f626247a36f7,0x744447d8580eb900b199e852c132f626247a36f7,,,,3,7619875,0x3b58d6503d33d782f87868eadf8cc8d6f91df22b30854346a3fb089f90859d54
PoolAllocated,5,Leaderboard,2000000000000000000,2.0,USDx5,18,MachinePurchased,2000000000000000000 = 100000000000000000000 * 200/10000 (floor by solidity),0x7123a25d205190e6844712cb18e39d6dd5316143,0x744447d8580eb900b199e852c132f626247a36f7,0x744447d8580eb900b199e852c132f626247a36f7,,,,3,7619875,0x3b58d6503d33d782f87868eadf8cc8d6f91df22b30854346a3fb089f90859d54
PoolAllocated,0,Liquidity,600000000000000000000,600.0,USDx5,18,MachinePurchased,600000000000000000000 = 1000000000000000000000 * 6000/10000 (floor by solidity),0x7123a25d205190e6844712cb18e39d6dd5316143,0x744447d8580eb900b199e852c132f626247a36f7,0x744447d8580eb900b199e852c132f626247a36f7,,,,4,7621303,0xeb588dcb3dab12b84bc574edfba29ab1e3aa1ca0c31ba410ce5e84dceb57bd07
PoolAllocated,1,Referral,50000000000000000000,50.0,USDx5,18,MachinePurchased,50000000000000000000 = 1000000000000000000000 * 500/10000 (floor by solidity),0x7123a25d205190e6844712cb18e39d6dd5316143,0x744447d8580eb900b199e852c132f626247a36f7,0x744447d8580eb900b199e852c132f626247a36f7,,,,4,7621303,0xeb588dcb3dab12b84bc574edfba29ab1e3aa1ca0c31ba410ce5e84dceb57bd07
PoolAllocated,2,SuperNode,50000000000000000000,50.0,USDx5,18,MachinePurchased,50000000000000000000 = 1000000000000000000000 * 500/10000 (floor by solidity),0x7123a25d205190e6844712cb18e39d6dd5316143,0x744447d8580eb900b199e852c132f626247a36f7,0x744447d8580eb900b199e852c132f626247a36f7,,,,4,7621303,0xeb588dcb3dab12b84bc574edfba29ab1e3aa1ca0c31ba410ce5e84dceb57bd07
PoolAllocated,3,Node,80000000000000000000,80.0,USDx5,18,MachinePurchased,80000000000000000000 = 1000000000000000000000 * 800/10000 (floor by solidity),0x7123a25d205190e6844712cb18e39d6dd5316143,0x744447d8580eb900b199e852c132f626247a36f7,0x744447d8580eb900b199e852c132f626247a36f7,,,,4,7621303,0xeb588dcb3dab12b84bc574edfba29ab1e3aa1ca0c31ba410ce5e84dceb57bd07
PoolAllocated,4,Platform,200000000000000000000,200.0,USDx5,18,MachinePurchased,200000000000000000000 = 1000000000000000000000 * 2000/10000 (floor by solidity),0x7123a25d205190e6844712cb18e39d6dd5316143,0x744447d8580eb900b199e852c132f626247a36f7,0x744447d8580eb900b199e852c132f626247a36f7,,,,4,7621303,0xeb588dcb3dab12b84bc574edfba29ab1e3aa1ca0c31ba410ce5e84dceb57bd07
PoolAllocated,5,Leaderboard,20000000000000000000,20.0,USDx5,18,MachinePurchased,20000000000000000000 = 1000000000000000000000 * 200/10000 (floor by solidity),0x7123a25d205190e6844712cb18e39d6dd5316143,0x744447d8580eb900b199e852c132f626247a36f7,0x744447d8580eb900b199e852c132f626247a36f7,,,,4,7621303,0xeb588dcb3dab12b84bc574edfba29ab1e3aa1ca0c31ba410ce5e84dceb57bd07
PoolAllocated,0,Liquidity,600000000000000000000,600.0,USDx5,18,MachinePurchased,600000000000000000000 = 1000000000000000000000 * 6000/10000 (floor by solidity),0x7123a25d205190e6844712cb18e39d6dd5316143,0x744447d8580eb900b199e852c132f626247a36f7,0x744447d8580eb900b199e852c132f626247a36f7,,,,5,7621330,0xb460692e7c29152ed256660ffb248a4e22b8d05ecfbccc50af52d6ad57cf95b4
PoolAllocated,1,Referral,50000000000000000000,50.0,USDx5,18,MachinePurchased,50000000000000000000 = 1000000000000000000000 * 500/10000 (floor by solidity),0x7123a25d205190e6844712cb18e39d6dd5316143,0x744447d8580eb900b199e852c132f626247a36f7,0x744447d8580eb900b199e852c132f626247a36f7,,,,5,7621330,0xb460692e7c29152ed256660ffb248a4e22b8d05ecfbccc50af52d6ad57cf95b4
PoolAllocated,2,SuperNode,50000000000000000000,50.0,USDx5,18,MachinePurchased,50000000000000000000 = 1000000000000000000000 * 500/10000 (floor by solidity),0x7123a25d205190e6844712cb18e39d6dd5316143,0x744447d8580eb900b199e852c132f626247a36f7,0x744447d8580eb900b199e852c132f626247a36f7,,,,5,7621330,0xb460692e7c29152ed256660ffb248a4e22b8d05ecfbccc50af52d6ad57cf95b4
PoolAllocated,3,Node,80000000000000000000,80.0,USDx5,18,MachinePurchased,80000000000000000000 = 1000000000000000000000 * 800/10000 (floor by solidity),0x7123a25d205190e6844712cb18e39d6dd5316143,0x744447d8580eb900b199e852c132f626247a36f7,0x744447d8580eb900b199e852c132f626247a36f7,,,,5,7621330,0xb460692e7c29152ed256660ffb248a4e22b8d05ecfbccc50af52d6ad57cf95b4
PoolAllocated,4,Platform,200000000000000000000,200.0,USDx5,18,MachinePurchased,200000000000000000000 = 1000000000000000000000 * 2000/10000 (floor by solidity),0x7123a25d205190e6844712cb18e39d6dd5316143,0x744447d8580eb900b199e852c132f626247a36f7,0x744447d8580eb900b199e852c132f626247a36f7,,,,5,7621330,0xb460692e7c29152ed256660ffb248a4e22b8d05ecfbccc50af52d6ad57cf95b4
PoolAllocated,5,Leaderboard,20000000000000000000,20.0,USDx5,18,MachinePurchased,20000000000000000000 = 1000000000000000000000 * 200/10000 (floor by solidity),0x7123a25d205190e6844712cb18e39d6dd5316143,0x744447d8580eb900b199e852c132f626247a36f7,0x744447d8580eb900b199e852c132f626247a36f7,,,,5,7621330,0xb460692e7c29152ed256660ffb248a4e22b8d05ecfbccc50af52d6ad57cf95b4
PoolAllocated,0,Liquidity,600000000000000000000,600.0,USDx5,18,NodePurchased,600000000000000000000 = 1000000000000000000000 * 6000/10000 (floor by solidity),0x2f0549714e63b91d07c84100f1e753d4516bb9f0,,0x744447d8580eb900b199e852c132f626247a36f7,,,,1000000002,7626694,0x8f19aec0a9d4f065ecc67c16c00eee7ff004254217c7116b8b059d2b35d8625b
PoolAllocated,1,Referral,50000000000000000000,50.0,USDx5,18,NodePurchased,50000000000000000000 = 1000000000000000000000 * 500/10000 (floor by solidity),0x2f0549714e63b91d07c84100f1e753d4516bb9f0,,0x744447d8580eb900b199e852c132f626247a36f7,,,,1000000002,7626694,0x8f19aec0a9d4f065ecc67c16c00eee7ff004254217c7116b8b059d2b35d8625b
PoolAllocated,2,SuperNode,50000000000000000000,50.0,USDx5,18,NodePurchased,50000000000000000000 = 1000000000000000000000 * 500/10000 (floor by solidity),0x2f0549714e63b91d07c84100f1e753d4516bb9f0,,0x744447d8580eb900b199e852c132f626247a36f7,,,,1000000002,7626694,0x8f19aec0a9d4f065ecc67c16c00eee7ff004254217c7116b8b059d2b35d8625b
PoolAllocated,3,Node,80000000000000000000,80.0,USDx5,18,NodePurchased,80000000000000000000 = 1000000000000000000000 * 800/10000 (floor by solidity),0x2f0549714e63b91d07c84100f1e753d4516bb9f0,,0x744447d8580eb900b199e852c132f626247a36f7,,,,1000000002,7626694,0x8f19aec0a9d4f065ecc67c16c00eee7ff004254217c7116b8b059d2b35d8625b
PoolAllocated,4,Platform,200000000000000000000,200.0,USDx5,18,NodePurchased,200000000000000000000 = 1000000000000000000000 * 2000/10000 (floor by solidity),0x2f0549714e63b91d07c84100f1e753d4516bb9f0,,0x744447d8580eb900b199e852c132f626247a36f7,,,,1000000002,7626694,0x8f19aec0a9d4f065ecc67c16c00eee7ff004254217c7116b8b059d2b35d8625b
PoolAllocated,5,Leaderboard,20000000000000000000,20.0,USDx5,18,NodePurchased,20000000000000000000 = 1000000000000000000000 * 200/10000 (floor by solidity),0x2f0549714e63b91d07c84100f1e753d4516bb9f0,,0x744447d8580eb900b199e852c132f626247a36f7,,,,1000000002,7626694,0x8f19aec0a9d4f065ecc67c16c00eee7ff004254217c7116b8b059d2b35d8625b
PoolAllocated,0,Liquidity,1800000000000000000000,1800.0,USDx5,18,SuperNodePurchased,1800000000000000000000 = 3000000000000000000000 * 6000/10000 (floor by solidity),0x2f0549714e63b91d07c84100f1e753d4516bb9f0,,0x744447d8580eb900b199e852c132f626247a36f7,,,,2000000002,7626709,0xceadae3781461fd09f620e852aca9575c1b27e339c311dada935ac645bedc912
PoolAllocated,1,Referral,150000000000000000000,150.0,USDx5,18,SuperNodePurchased,150000000000000000000 = 3000000000000000000000 * 500/10000 (floor by solidity),0x2f0549714e63b91d07c84100f1e753d4516bb9f0,,0x744447d8580eb900b199e852c132f626247a36f7,,,,2000000002,7626709,0xceadae3781461fd09f620e852aca9575c1b27e339c311dada935ac645bedc912
PoolAllocated,2,SuperNode,150000000000000000000,150.0,USDx5,18,SuperNodePurchased,150000000000000000000 = 3000000000000000000000 * 500/10000 (floor by solidity),0x2f0549714e63b91d07c84100f1e753d4516bb9f0,,0x744447d8580eb900b199e852c132f626247a36f7,,,,2000000002,7626709,0xceadae3781461fd09f620e852aca9575c1b27e339c311dada935ac645bedc912
PoolAllocated,3,Node,240000000000000000000,240.0,USDx5,18,SuperNodePurchased,240000000000000000000 = 3000000000000000000000 * 800/10000 (floor by solidity),0x2f0549714e63b91d07c84100f1e753d4516bb9f0,,0x744447d8580eb900b199e852c132f626247a36f7,,,,2000000002,7626709,0xceadae3781461fd09f620e852aca9575c1b27e339c311dada935ac645bedc912
PoolAllocated,4,Platform,600000000000000000000,600.0,USDx5,18,SuperNodePurchased,600000000000000000000 = 3000000000000000000000 * 2000/10000 (floor by solidity),0x2f0549714e63b91d07c84100f1e753d4516bb9f0,,0x744447d8580eb900b199e852c132f626247a36f7,,,,2000000002,7626709,0xceadae3781461fd09f620e852aca9575c1b27e339c311dada935ac645bedc912
PoolAllocated,5,Leaderboard,60000000000000000000,60.0,USDx5,18,SuperNodePurchased,60000000000000000000 = 3000000000000000000000 * 200/10000 (floor by solidity),0x2f0549714e63b91d07c84100f1e753d4516bb9f0,,0x744447d8580eb900b199e852c132f626247a36f7,,,,2000000002,7626709,0xceadae3781461fd09f620e852aca9575c1b27e339c311dada935ac645bedc912
PoolAllocated,0,Liquidity,60000000000000000000,60.0,USDx5,18,MachinePurchased,60000000000000000000 = 100000000000000000000 * 6000/10000 (floor by solidity),0x2f0549714e63b91d07c84100f1e753d4516bb9f0,0x744447d8580eb900b199e852c132f626247a36f7,0x744447d8580eb900b199e852c132f626247a36f7,,,,6,7630223,0xd2e1247916312e28225e0dbea1cca006b399c1cc15a11a424806d0f332a1f1e5
PoolAllocated,1,Referral,5000000000000000000,5.0,USDx5,18,MachinePurchased,5000000000000000000 = 100000000000000000000 * 500/10000 (floor by solidity),0x2f0549714e63b91d07c84100f1e753d4516bb9f0,0x744447d8580eb900b199e852c132f626247a36f7,0x744447d8580eb900b199e852c132f626247a36f7,,,,6,7630223,0xd2e1247916312e28225e0dbea1cca006b399c1cc15a11a424806d0f332a1f1e5
PoolAllocated,2,SuperNode,5000000000000000000,5.0,USDx5,18,MachinePurchased,5000000000000000000 = 100000000000000000000 * 500/10000 (floor by solidity),0x2f0549714e63b91d07c84100f1e753d4516bb9f0,0x744447d8580eb900b199e852c132f626247a36f7,0x744447d8580eb900b199e852c132f626247a36f7,,,,6,7630223,0xd2e1247916312e28225e0dbea1cca006b399c1cc15a11a424806d0f332a1f1e5
PoolAllocated,3,Node,8000000000000000000,8.0,USDx5,18,MachinePurchased,8000000000000000000 = 100000000000000000000 * 800/10000 (floor by solidity),0x2f0549714e63b91d07c84100f1e753d4516bb9f0,0x744447d8580eb900b199e852c132f626247a36f7,0x744447d8580eb900b199e852c132f626247a36f7,,,,6,7630223,0xd2e1247916312e28225e0dbea1cca006b399c1cc15a11a424806d0f332a1f1e5
PoolAllocated,4,Platform,20000000000000000000,20.0,USDx5,18,MachinePurchased,20000000000000000000 = 100000000000000000000 * 2000/10000 (floor by solidity),0x2f0549714e63b91d07c84100f1e753d4516bb9f0,0x744447d8580eb900b199e852c132f626247a36f7,0x744447d8580eb900b199e852c132f626247a36f7,,,,6,7630223,0xd2e1247916312e28225e0dbea1cca006b399c1cc15a11a424806d0f332a1f1e5
PoolAllocated,5,Leaderboard,2000000000000000000,2.0,USDx5,18,MachinePurchased,2000000000000000000 = 100000000000000000000 * 200/10000 (floor by solidity),0x2f0549714e63b91d07c84100f1e753d4516bb9f0,0x744447d8580eb900b199e852c132f626247a36f7,0x744447d8580eb900b199e852c132f626247a36f7,,,,6,7630223,0xd2e1247916312e28225e0dbea1cca006b399c1cc15a11a424806d0f332a1f1e5
PoolAllocated,0,Liquidity,60000000000000000000,60.0,USDx5,18,MachinePurchased,60000000000000000000 = 100000000000000000000 * 6000/10000 (floor by solidity),0x2f0549714e63b91d07c84100f1e753d4516bb9f0,0x744447d8580eb900b199e852c132f626247a36f7,0x744447d8580eb900b199e852c132f626247a36f7,,,,7,7630569,0x7286226c98459fc0e66c30da7792bae4993861efc5919903c6748a75cd23b0ba
PoolAllocated,1,Referral,5000000000000000000,5.0,USDx5,18,MachinePurchased,5000000000000000000 = 100000000000000000000 * 500/10000 (floor by solidity),0x2f0549714e63b91d07c84100f1e753d4516bb9f0,0x744447d8580eb900b199e852c132f626247a36f7,0x744447d8580eb900b199e852c132f626247a36f7,,,,7,7630569,0x7286226c98459fc0e66c30da7792bae4993861efc5919903c6748a75cd23b0ba
PoolAllocated,2,SuperNode,5000000000000000000,5.0,USDx5,18,MachinePurchased,5000000000000000000 = 100000000000000000000 * 500/10000 (floor by solidity),0x2f0549714e63b91d07c84100f1e753d4516bb9f0,0x744447d8580eb900b199e852c132f626247a36f7,0x744447d8580eb900b199e852c132f626247a36f7,,,,7,7630569,0x7286226c98459fc0e66c30da7792bae4993861efc5919903c6748a75cd23b0ba
PoolAllocated,3,Node,8000000000000000000,8.0,USDx5,18,MachinePurchased,8000000000000000000 = 100000000000000000000 * 800/10000 (floor by solidity),0x2f0549714e63b91d07c84100f1e753d4516bb9f0,0x744447d8580eb900b199e852c132f626247a36f7,0x744447d8580eb900b199e852c132f626247a36f7,,,,7,7630569,0x7286226c98459fc0e66c30da7792bae4993861efc5919903c6748a75cd23b0ba
PoolAllocated,4,Platform,20000000000000000000,20.0,USDx5,18,MachinePurchased,20000000000000000000 = 100000000000000000000 * 2000/10000 (floor by solidity),0x2f0549714e63b91d07c84100f1e753d4516bb9f0,0x744447d8580eb900b199e852c132f626247a36f7,0x744447d8580eb900b199e852c132f626247a36f7,,,,7,7630569,0x7286226c98459fc0e66c30da7792bae4993861efc5919903c6748a75cd23b0ba
PoolAllocated,5,Leaderboard,2000000000000000000,2.0,USDx5,18,MachinePurchased,2000000000000000000 = 100000000000000000000 * 200/10000 (floor by solidity),0x2f0549714e63b91d07c84100f1e753d4516bb9f0,0x744447d8580eb900b199e852c132f626247a36f7,0x744447d8580eb900b199e852c132f626247a36f7,,,,7,7630569,0x7286226c98459fc0e66c30da7792bae4993861efc5919903c6748a75cd23b0ba
PoolAllocated,0,Liquidity,600000000000000000000,600.0,USDx5,18,NodePurchased,600000000000000000000 = 1000000000000000000000 * 6000/10000 (floor by solidity),0xdb426e194360a9aa178f4009190afc596a39375a,,0x744447d8580eb900b199e852c132f626247a36f7,,,,1000000003,7631552,0xebf69c218902606031be753c5fd57668b58c58849791f38278cfe0cbe69e74ed
PoolAllocated,1,Referral,50000000000000000000,50.0,USDx5,18,NodePurchased,50000000000000000000 = 1000000000000000000000 * 500/10000 (floor by solidity),0xdb426e194360a9aa178f4009190afc596a39375a,,0x2f0549714e63b91d07c84100f1e753d4516bb9f0,,,,1000000003,7631552,0xebf69c218902606031be753c5fd57668b58c58849791f38278cfe0cbe69e74ed
PoolAllocated,2,SuperNode,50000000000000000000,50.0,USDx5,18,NodePurchased,50000000000000000000 = 1000000000000000000000 * 500/10000 (floor by solidity),0xdb426e194360a9aa178f4009190afc596a39375a,,0x744447d8580eb900b199e852c132f626247a36f7,,,,1000000003,7631552,0xebf69c218902606031be753c5fd57668b58c58849791f38278cfe0cbe69e74ed
PoolAllocated,3,Node,80000000000000000000,80.0,USDx5,18,NodePurchased,80000000000000000000 = 1000000000000000000000 * 800/10000 (floor by solidity),0xdb426e194360a9aa178f4009190afc596a39375a,,0x744447d8580eb900b199e852c132f626247a36f7,,,,1000000003,7631552,0xebf69c218902606031be753c5fd57668b58c58849791f38278cfe0cbe69e74ed
PoolAllocated,4,Platform,200000000000000000000,200.0,USDx5,18,NodePurchased,200000000000000000000 = 1000000000000000000000 * 2000/10000 (floor by solidity),0xdb426e194360a9aa178f4009190afc596a39375a,,0x744447d8580eb900b199e852c132f626247a36f7,,,,1000000003,7631552,0xebf69c218902606031be753c5fd57668b58c58849791f38278cfe0cbe69e74ed
PoolAllocated,5,Leaderboard,20000000000000000000,20.0,USDx5,18,NodePurchased,20000000000000000000 = 1000000000000000000000 * 200/10000 (floor by solidity),0xdb426e194360a9aa178f4009190afc596a39375a,,0x744447d8580eb900b199e852c132f626247a36f7,,,,1000000003,7631552,0xebf69c218902606031be753c5fd57668b58c58849791f38278cfe0cbe69e74ed
PoolAllocated,0,Liquidity,60000000000000000000,60.0,USDx5,18,MachinePurchased,60000000000000000000 = 100000000000000000000 * 6000/10000 (floor by solidity),0xdb426e194360a9aa178f4009190afc596a39375a,0x2f0549714e63b91d07c84100f1e753d4516bb9f0,0x744447d8580eb900b199e852c132f626247a36f7,,,,8,7631564,0xc8163e8992f750b3af4bc8c320e7e0237e060d6b15188ad46fcaf59c7959eb4a
PoolAllocated,1,Referral,5000000000000000000,5.0,USDx5,18,MachinePurchased,5000000000000000000 = 100000000000000000000 * 500/10000 (floor by solidity),0xdb426e194360a9aa178f4009190afc596a39375a,0x2f0549714e63b91d07c84100f1e753d4516bb9f0,0x2f0549714e63b91d07c84100f1e753d4516bb9f0,,,,8,7631564,0xc8163e8992f750b3af4bc8c320e7e0237e060d6b15188ad46fcaf59c7959eb4a
PoolAllocated,2,SuperNode,5000000000000000000,5.0,USDx5,18,MachinePurchased,5000000000000000000 = 100000000000000000000 * 500/10000 (floor by solidity),0xdb426e194360a9aa178f4009190afc596a39375a,0x2f0549714e63b91d07c84100f1e753d4516bb9f0,0x744447d8580eb900b199e852c132f626247a36f7,,,,8,7631564,0xc8163e8992f750b3af4bc8c320e7e0237e060d6b15188ad46fcaf59c7959eb4a
PoolAllocated,3,Node,8000000000000000000,8.0,USDx5,18,MachinePurchased,8000000000000000000 = 100000000000000000000 * 800/10000 (floor by solidity),0xdb426e194360a9aa178f4009190afc596a39375a,0x2f0549714e63b91d07c84100f1e753d4516bb9f0,0x744447d8580eb900b199e852c132f626247a36f7,,,,8,7631564,0xc8163e8992f750b3af4bc8c320e7e0237e060d6b15188ad46fcaf59c7959eb4a
PoolAllocated,4,Platform,20000000000000000000,20.0,USDx5,18,MachinePurchased,20000000000000000000 = 100000000000000000000 * 2000/10000 (floor by solidity),0xdb426e194360a9aa178f4009190afc596a39375a,0x2f0549714e63b91d07c84100f1e753d4516bb9f0,0x744447d8580eb900b199e852c132f626247a36f7,,,,8,7631564,0xc8163e8992f750b3af4bc8c320e7e0237e060d6b15188ad46fcaf59c7959eb4a
PoolAllocated,5,Leaderboard,2000000000000000000,2.0,USDx5,18,MachinePurchased,2000000000000000000 = 100000000000000000000 * 200/10000 (floor by solidity),0xdb426e194360a9aa178f4009190afc596a39375a,0x2f0549714e63b91d07c84100f1e753d4516bb9f0,0x744447d8580eb900b199e852c132f626247a36f7,,,,8,7631564,0xc8163e8992f750b3af4bc8c320e7e0237e060d6b15188ad46fcaf59c7959eb4a
PoolAllocated,0,Liquidity,1800000000000000000000,1800.0,USDx5,18,SuperNodePurchased,1800000000000000000000 = 3000000000000000000000 * 6000/10000 (floor by solidity),0xdb426e194360a9aa178f4009190afc596a39375a,,0x744447d8580eb900b199e852c132f626247a36f7,,,,2000000003,7631583,0xd6f183fa308863be171426c6367e63da34b4fdf9240b87b8e5ceff5289be8ea4
PoolAllocated,1,Referral,150000000000000000000,150.0,USDx5,18,SuperNodePurchased,150000000000000000000 = 3000000000000000000000 * 500/10000 (floor by solidity),0xdb426e194360a9aa178f4009190afc596a39375a,,0x2f0549714e63b91d07c84100f1e753d4516bb9f0,,,,2000000003,7631583,0xd6f183fa308863be171426c6367e63da34b4fdf9240b87b8e5ceff5289be8ea4
PoolAllocated,2,SuperNode,150000000000000000000,150.0,USDx5,18,SuperNodePurchased,150000000000000000000 = 3000000000000000000000 * 500/10000 (floor by solidity),0xdb426e194360a9aa178f4009190afc596a39375a,,0x744447d8580eb900b199e852c132f626247a36f7,,,,2000000003,7631583,0xd6f183fa308863be171426c6367e63da34b4fdf9240b87b8e5ceff5289be8ea4
PoolAllocated,3,Node,240000000000000000000,240.0,USDx5,18,SuperNodePurchased,240000000000000000000 = 3000000000000000000000 * 800/10000 (floor by solidity),0xdb426e194360a9aa178f4009190afc596a39375a,,0x744447d8580eb900b199e852c132f626247a36f7,,,,2000000003,7631583,0xd6f183fa308863be171426c6367e63da34b4fdf9240b87b8e5ceff5289be8ea4
PoolAllocated,4,Platform,600000000000000000000,600.0,USDx5,18,SuperNodePurchased,600000000000000000000 = 3000000000000000000000 * 2000/10000 (floor by solidity),0xdb426e194360a9aa178f4009190afc596a39375a,,0x744447d8580eb900b199e852c132f626247a36f7,,,,2000000003,7631583,0xd6f183fa308863be171426c6367e63da34b4fdf9240b87b8e5ceff5289be8ea4
PoolAllocated,5,Leaderboard,60000000000000000000,60.0,USDx5,18,SuperNodePurchased,60000000000000000000 = 3000000000000000000000 * 200/10000 (floor by solidity),0xdb426e194360a9aa178f4009190afc596a39375a,,0x744447d8580eb900b199e852c132f626247a36f7,,,,2000000003,7631583,0xd6f183fa308863be171426c6367e63da34b4fdf9240b87b8e5ceff5289be8ea4